<?xml version="1.0" encoding="UTF-8"?>
<jcr:root xmlns:sling="http://sling.apache.org/jcr/sling/1.0" xmlns:fdm="http://www.adobe.com/aemfd/fdm/1.0" xmlns:jcr="http://www.jcp.org/jcr/1.0" xmlns:nt="http://www.jcp.org/jcr/nt/1.0"
    jcr:primaryType="sling:Folder">
    <jcr:content
        jcr:primaryType="nt:unstructured"
        name="fundpricescsv"
        rendition.handler.id="fdm.structure"
        title="FundPricesCSV">
        <definitions jcr:primaryType="nt:unstructured">
            <Response
                fdm:binaryEntity="{Boolean}false"
                fdm:bindRef="Response"
                fdm:defaultBinaryEntity="{Boolean}false"
                fdm:genericOperationAllowed="{Boolean}false"
                fdm:rootEntity="{Boolean}true"
                fdm:schemaName="DEFAULT_SCHEMA"
                fdm:source="source2"
                jcr:primaryType="nt:unstructured"
                id="Response"
                name="Response">
                <links jcr:primaryType="nt:unstructured"/>
                <properties jcr:primaryType="nt:unstructured">
                    <FundDetails
                        fdm:bindRef="FundDetails"
                        fdm:computed="{Boolean}false"
                        fdm:nullable="{Boolean}true"
                        fdm:primaryKey="{Boolean}false"
                        fdm:protected="{Boolean}false"
                        fdm:required="{Boolean}false"
                        jcr:primaryType="nt:unstructured"
                        _x0024_ref="FundDetails"
                        name="FundDetails"
                        type="object"/>
                </properties>
            </Response>
            <FundDetails
                fdm:binaryEntity="{Boolean}false"
                fdm:bindRef="FundDetails"
                fdm:defaultBinaryEntity="{Boolean}false"
                fdm:genericOperationAllowed="{Boolean}false"
                fdm:rootEntity="{Boolean}false"
                fdm:schemaName="DEFAULT_SCHEMA"
                fdm:source="source2"
                jcr:primaryType="nt:unstructured"
                id="FundDetails"
                name="FundDetails">
                <links jcr:primaryType="nt:unstructured"/>
                <properties jcr:primaryType="nt:unstructured">
                    <Results
                        fdm:bindRef="Results"
                        fdm:computed="{Boolean}false"
                        fdm:nullable="{Boolean}true"
                        fdm:primaryKey="{Boolean}false"
                        fdm:protected="{Boolean}false"
                        fdm:required="{Boolean}false"
                        jcr:primaryType="nt:unstructured"
                        _x0024_ref="Results"
                        name="Results"
                        type="object"/>
                </properties>
            </FundDetails>
            <Results
                fdm:binaryEntity="{Boolean}false"
                fdm:bindRef="Results"
                fdm:defaultBinaryEntity="{Boolean}false"
                fdm:genericOperationAllowed="{Boolean}false"
                fdm:rootEntity="{Boolean}false"
                fdm:schemaName="DEFAULT_SCHEMA"
                fdm:source="source2"
                jcr:primaryType="nt:unstructured"
                id="Results"
                name="Results">
                <links jcr:primaryType="nt:unstructured"/>
                <properties jcr:primaryType="nt:unstructured">
                    <MutualFunds
                        fdm:bindRef="MutualFunds"
                        fdm:computed="{Boolean}false"
                        fdm:nullable="{Boolean}true"
                        fdm:primaryKey="{Boolean}false"
                        fdm:protected="{Boolean}false"
                        fdm:required="{Boolean}false"
                        jcr:primaryType="nt:unstructured"
                        name="MutualFunds"
                        type="array">
                        <items
                            jcr:primaryType="nt:unstructured"
                            _x0024_ref="Result"
                            type="object"/>
                    </MutualFunds>
                </properties>
            </Results>
            <Result
                fdm:binaryEntity="{Boolean}false"
                fdm:bindRef="Result"
                fdm:defaultBinaryEntity="{Boolean}false"
                fdm:genericOperationAllowed="{Boolean}false"
                fdm:rootEntity="{Boolean}false"
                fdm:schemaName="DEFAULT_SCHEMA"
                fdm:source="source2"
                jcr:primaryType="nt:unstructured"
                id="Result"
                name="Result">
                <links jcr:primaryType="nt:unstructured"/>
                <properties jcr:primaryType="nt:unstructured">
                    <fundPerformance
                        fdm:bindRef="fundPerformance"
                        fdm:computed="{Boolean}false"
                        fdm:nullable="{Boolean}true"
                        fdm:primaryKey="{Boolean}false"
                        fdm:protected="{Boolean}false"
                        fdm:required="{Boolean}false"
                        jcr:primaryType="nt:unstructured"
                        name="fundPerformance"
                        type="array">
                        <items
                            jcr:primaryType="nt:unstructured"
                            _x0024_ref="fundPerformance"
                            type="object"/>
                    </fundPerformance>
                    <name
                        fdm:bindRef="name"
                        fdm:computed="{Boolean}false"
                        fdm:nullable="{Boolean}true"
                        fdm:primaryKey="{Boolean}false"
                        fdm:protected="{Boolean}false"
                        fdm:required="{Boolean}false"
                        jcr:primaryType="nt:unstructured"
                        name="name"
                        type="string"/>
                </properties>
            </Result>
            <fundPerformance
                fdm:binaryEntity="{Boolean}false"
                fdm:bindRef="fundPerformance"
                fdm:defaultBinaryEntity="{Boolean}false"
                fdm:genericOperationAllowed="{Boolean}false"
                fdm:rootEntity="{Boolean}false"
                fdm:schemaName="DEFAULT_SCHEMA"
                fdm:source="source2"
                jcr:primaryType="nt:unstructured"
                id="fundPerformance"
                name="fundPerformance">
                <links jcr:primaryType="nt:unstructured"/>
                <properties jcr:primaryType="nt:unstructured">
                    <performance
                        fdm:bindRef="performance"
                        fdm:computed="{Boolean}false"
                        fdm:nullable="{Boolean}true"
                        fdm:primaryKey="{Boolean}false"
                        fdm:protected="{Boolean}false"
                        fdm:required="{Boolean}false"
                        jcr:primaryType="nt:unstructured"
                        name="performance"
                        type="number"/>
                    <term
                        fdm:bindRef="term"
                        fdm:computed="{Boolean}false"
                        fdm:nullable="{Boolean}true"
                        fdm:primaryKey="{Boolean}false"
                        fdm:protected="{Boolean}false"
                        fdm:required="{Boolean}false"
                        jcr:primaryType="nt:unstructured"
                        name="term"
                        type="string"/>
                </properties>
            </fundPerformance>
        </definitions>
        <links jcr:primaryType="nt:unstructured">
            <get_getmutualfundprices
                fdm:source="source2"
                jcr:primaryType="nt:unstructured"
                genericOperation="{Boolean}false"
                href="10.50.208.39:8080/SampleRest/webapi"
                id="GET /getMutualFundPrices"
                method="GET"
                name="GET /getMutualFundPrices">
                <fdm:data jcr:primaryType="nt:unstructured"/>
                <schema
                    fdm:bindRef="schema"
                    fdm:computed="{Boolean}false"
                    fdm:nullable="{Boolean}true"
                    fdm:primaryKey="{Boolean}false"
                    fdm:protected="{Boolean}false"
                    fdm:required="{Boolean}false"
                    jcr:primaryType="nt:unstructured"
                    description="operation input description"
                    name="schema"
                    type="object">
                    <properties jcr:primaryType="nt:unstructured">
                        <stocksymbols
                            fdm:bindRef="stocksymbols"
                            fdm:computed="{Boolean}false"
                            fdm:in="query"
                            fdm:nullable="{Boolean}true"
                            fdm:primaryKey="{Boolean}false"
                            fdm:protected="{Boolean}false"
                            fdm:required="{Boolean}true"
                            jcr:primaryType="nt:unstructured"
                            default="HZjfUqtZI9Qy4Nm596D14DLcDFMfRn7ObRpeuYwXgGrghrOVfcCXLKV5GXPT"
                            description="Fund Symbols to Search"
                            name="stocksymbols"
                            title=""
                            type="array">
                            <items
                                jcr:primaryType="nt:unstructured"
                                type="string"/>
                        </stocksymbols>
                        <api_token
                            fdm:bindRef="api_token"
                            fdm:computed="{Boolean}false"
                            fdm:in="query"
                            fdm:nullable="{Boolean}true"
                            fdm:primaryKey="{Boolean}false"
                            fdm:protected="{Boolean}false"
                            fdm:required="{Boolean}true"
                            jcr:primaryType="nt:unstructured"
                            default="HZjfUqtZI9Qy4Nm596D14DLcDFMfRn7ObRpeuYwXgGrghrOVfcCXLKV5GXPT"
                            description=""
                            name="api_token"
                            title="API Token"
                            type="string"/>
                    </properties>
                </schema>
                <targetSchema
                    fdm:bindRef="Response"
                    fdm:computed="{Boolean}false"
                    fdm:nullable="{Boolean}true"
                    fdm:primaryKey="{Boolean}false"
                    fdm:protected="{Boolean}false"
                    fdm:required="{Boolean}false"
                    jcr:primaryType="nt:unstructured"
                    _x0024_ref="Response"
                    name="Response"
                    type="object"/>
            </get_getmutualfundprices>
        </links>
        <properties jcr:primaryType="nt:unstructured">
            <Response
                fdm:computed="{Boolean}false"
                fdm:nullable="{Boolean}true"
                fdm:protected="{Boolean}false"
                fdm:required="{Boolean}false"
                jcr:primaryType="nt:unstructured"
                _x0024_ref="Response"
                name="Response"/>
        </properties>
    </jcr:content>
</jcr:root>
