{
	"Response": {
		"FundDetails": {
			"Results": {
				"MutualFunds": [{
					"fundPerformance": [{
						"performance": 7.87,
						"term": "return_52week"
					}, {
						"performance": 12.33,
						"term": "return_156week"
					}, {
						"performance": 11.01,
						"term": "return_260week"
					}],
					"name": "Fidelity® 500 Index Fund"
				}, {
					"fundPerformance": [{
						"performance": -8.38,
						"term": "return_52week"
					}, {
						"performance": 4.16,
						"term": "return_156week"
					}, {
						"performance": 1.07,
						"term": "return_260week"
					}],
					"name": "American Funds International Growth and Income Fund Class A"
				}, {
					"fundPerformance": [{
						"performance": 9.95,
						"term": "return_52week"
					}, {
						"performance": 14.83,
						"term": "return_156week"
					}, {
						"performance": 13.72,
						"term": "return_260week"
					}],
					"name": "T. Rowe Price Blue Chip Growth Fund"
				}, {
					"fundPerformance": [{
						"performance": 3.05,
						"term": "return_52week"
					}, {
						"performance": 10.45,
						"term": "return_156week"
					}, {
						"performance": 8.56,
						"term": "return_260week"
					}],
					"name": "Vanguard Small Cap Value Index Fund Admiral Shares"
				}]
			}
		}
	}
}