{
	"swagger": "2.0",
	"info": {
		"version": "1.0.0",
		"title": "Get Mutual Fund Prices"
	},
	"host": "10.177.16.95:8080",
	"basePath": "/SampleRest/webapi",
	"schemes": [
		"http"
	],
	"paths": {
		"/getMutualFundPrices": {
			"get": {
				"produces": [
					"application/xml",
					"application/json"
				],
				"parameters": [{
						"name": "stocksymbols",
						"in": "query",
						"type": "array",
						"items": {
							"type": "string"
						},
						"collectionFormat": "csv",
						"description": "Fund Symbols to Search",
						"required": true

					}, {
						"name": "api_token",
						"in": "query",
						"required": true,
						"type": "string"
					}
				],
				"responses": {
					"200": {
						"description": "successful operation",
						"schema": {
							"$ref": "#/definitions/Response"
						}
					},
					"400": {
						"description": "Invalid status value"
					}
				}
			}
		}
	},
	"definitions": {
        "Response":{
            "type":"object",
            "properties":{
                "FundDetails":{
                    "$ref":"#/definitions/FundDetails"
                }
            }
        },
		"FundDetails": {
			"type": "object",
			"properties": {
				"Results": {
					"$ref": "#/definitions/Results"
				}
			}
		},
		"fundPerformance": {
			"type": "object",
			"properties": {
				"performance": {
					"type": "number"
				},
                "amount":{
                    "type":"number"
                },
				"term": {
					"type": "string"
				}
			}
		},

		"Results": {
			"type": "object",
			"properties": {
				"MutualFunds": {
					"type": "array",
					"items": {
						"$ref": "#/definitions/Result"
					}
				}
			}
		},
		"Result": {
			"type": "object",
			"properties": {
				"fundPerformance": {
					"type": "array",
					"items": {
						"$ref": "#/definitions/fundPerformance"
					}
				},
				"name": {
					"type": "string"
				}
			}
		}
	},
	"externalDocs": {
		"description": "Find out more about Swagger",
		"url": "http://swagger.io"
	}
}